atu_id,combos
1860A,1738
1775,1653
1775,1691
1775,1696
1785B,1785C
1785B,1837
1785C,1785B
1792,1536A
1792,1537
1792,1735A
1800,1807A
1805,1698G
1805,1831A*
1807,1807A
1807A,1800
1807A,1807
1824,1825
1825,1641
1825,1824
1825,1825
1825,1825B
1825,1825C
1825,1833
1825,2012
1825B,1825
1825C,1641
1825C,1825
1829,1572A*
1829,1572C*
1829,1875
1831A*,1805
1833,1699
1833,1825
1837,1785B
1847*,1533A
1848A,1739
1725,1358
1725,1358A
1725,1358B
1725,1358C
1725,1380
1725,1535
1730,882A*
1730,1536B
1735,1525A
1735,1585
1735A,1536A
1735A,1642A
1735A,1792
1737,940
1737,950
1737,1004
1737,1479*
1737,1525
1737,1525A
1737,1525D
1737,1525E
1737,1526
1737,1535
1738,1860A
1738,1889E
1738,1920C
1738,1960A
1738,1960G
1739,1281A
1739,1848A
1740,1525A
1740,1737
1741,1533A
1200,1201
1200,1245
1200,1285
1200,1288
1200,1382
1200,1383
1200,1384
1200,1540
1201,1200
1202,1245
1202,1384
1202,1535
1202,1650
1202,1651
1203,1202
1203,1535
1203,1650
1203A,1202
1204**,1210
1204**,1245
1204**,1384
1204**,1540
1204**,1541
1210,1245
1210,1248
1210,1384
1210,1386
1210,1387
1210,1408
1210,1450
1210,1154
1210,1204**
1210,1229*
1210,1263
1210,1286
1210,1326
1210,1535
1210,1540
1210,1540A*
1211,1384
1211,1386
1218,1387
1218,1408C
1218,1681
1218,1681B
1218,1685
1218,1696
1225,1241
1225,1287
1229*,1210
1229*,1244
1229*,1245
1229*,1286
1229*,1384
1229*,1450
1240,1313
1240,1313A
1240,1539
1240,1675
1241,1225
1241,1246
1241,1250
1243,1245
1243,1248
1243,1287
1244,1210
1244,1229*
1244,1245
1244,1384
1245,1210
1245,1286
1245,1384
1245,1450
1245,1540
1245,1687
1246,1241
1246,1344
1247,1225
1247,1243
1248,1243
1250,1241
1250,1245
1250,1248
1250,1287
1250,1288
1250,1319
1250,1335A
1250,1336
1250A,1241
1250A,1288
1250A,1384
1260A,1310
1263,1245
1263,1384
1263,1450
1271C*,1291B
1281,1384
1281,1650
1281,1651
1281A,1739
1285,1245
1285,1286
1285,1382
1285,1384
1285,1540
1286,1210
1286,1245
1286,1384
1286,1450
1286,1211
1286,1229*
1286,1244
1286,1285
1286,1288
1286,1385
1286,1386
1286,1653
1287,1250
1287,1290
1287,1200
1287,1201
1287,1225
1287,1288
1288,1200
1288,1210
1288,1245
1288,1247
1288,1250
1288,1286
1288,1287
1288,1319
1288,1326
1288,1384
1290,1287
1291,1291B
1291,1387
1291,1653
1291A,1696
1291B,1386
1291B,1653
1291B,1696
1293A*,1381
1296B,1313
1297*,1231
1297*,1250
1297*,1287
1297*,1321C
1310,1260A
1310,1310*
1310,1326
1310A,175
1313,1240
1313,1296B
1313,1387
1313,1408
1313,1408C
1313,1696
1319,1241
1319,1250
1319,1281
1319,1288
1319*,1241
1319*,1250
1319*,1586
1321C,1231
1321C,1297*
1325,1386
1326,1210
1326,1245
1326,1288
1326,1384
1326,1450
1335A,1250
1336,1250
1341,1586
1348,1920D
1348,1920J
1640,1045
1640,1048
1640,1049
1640,105
1640,105*
1640,1050
1640,1051
1640,1052
1640,1053
1640,1059*
1640,106
1640,106*
1640,1060
1640,1060A
1640,1061
1640,1062
1640,1063
1640,1063A
1640,1064
1640,107
1640,1070
1640,1071
1640,1072
1640,1073
1640,1074
1640,1080*
1640,1082
1640,1082A
1640,1083
1640,1083A
1640,1084
1640,1085
1640,1086
1640,1087
1640,1088
1640,1115
1640,1149
1640,151
1640,177
1640,300
1640,326
1640,650A
1640,854
1640,1116
1640,1159
1640,1563
1640,1641
1641,613
1641,1284
1641,1640
1641,1646
1641,1654
1641,1825
1641,1825C
1641B,1641
1641B,1641C
1641D,1641
1641D,1641B
1642,1586
1642,1600
1642,1610
1642,1643
1642,1653
1642,1685
1642,1000
1642,1009
1642,1012
1642,1029
1642,1030*
1642,1211
1642,1218
1642,1291B
1642,1381
1642,1381B
1642,1387
1642,1408
1642,1535
1642,1543
1642,1675
1642,1681B
1642,1691
1642,1696
1642A,1543
1642A,1642
1642A,1735A
1643,1381
1643,1408
1643,1600
1643,1642
1643,1653
1643,1685
1643,1000
1643,1009
1643,1029
1643,1030*
1643,1211
1643,1218
1643,1291A
1643,1381C
1643,1385*
1643,1386
1643,1387
1643,1537
1643,1586
1643,1681B
1643,1691
1643,1696
1644,982
1644,1381
1644,1381E
1644,1600
1644,1641
1646,1641
1650,1045
1650,1063
1650,1071
1650,1072
1650,1073
1650,1202
1650,1651
1650,1082
1650,1130
1650,1281
1650,1535
1650,1653
1651,1063
1651,1202
1651,1281
1651,1535
1651,1650
1653,592
1653,1000
1653,1007
1653,1009
1653,1045
1653,1291B
1653,1386
1653,1387
1653,1408
1653,1525R
1653,1535
1653,1541
1653,1642
1653,1650
1653,1685
1653,1696
1653,1775
1654,1525D
1654,1525E
1654,1641
1654,1920A
1655,158
1655,170
1655,571
1655,1696
1655,1910
1655,2034F
1656,330
1660,1534
1660,1861A
1525,950
1525,1737
1525A,950
1525A,1525D
1525A,1535
1525A,1737
1525A,653
1525A,804B
1525A,1004
1525A,1071
1525A,1072
1525A,1084
1525A,1525B
1525A,1525E
1525A,1539
1525A,1735
1525A,1740
1525B,1525A
1525B,1542
1525D,950
1525D,1525A
1525D,1737
1525D,1004
1525D,1071
1525D,1072
1525D,1525E
1525D,1525J
1525D,1535
1525D,1540
1525D,1654
1525E,950
1525E,1525A
1525E,1525D
1525E,1641
1525E,1654
1525E,1737
1525H,1829
1525H,1875
1525J,1535
1525J,1740
1525K*,1740
1525M,1525D
1525M,1654
1525R,1653
1526,1737
1526,1829
1526A,1555B
1528,1085
1528,1384
1528,1530
1528,1535
1528,1539
1528,1540
1528,1540A*
1528,1541
1530,34
1530,49A
1530,175
1530,1384
1530,1528
1530,1535
1530,1542
1530*,1383
1530*,1791
1532,1654
1533,875
1533,875A
1533A,1626
1533A,1741
1533A,1847*
1534,1660
1534,1861A
1535,1539
1535,1653
1535,1358A
1535,1358B
1535,1358C
1535,1525
1535,1525A
1535,1525B
1535,1525C
1535,1525D
1535,1525E
1535,1525G
1535,1525H
1535,1525J
1535,1525K
1535,1525K*
1535,1525L
1535,1525L*
1535,1525M
1535,1525N*
1535,1525Q
1535,1525R
1535,1525Z*
1535,1526
1535,1526A
1535,1526A**
1535,1527
1535,1527*
1535,1527A
1535,1528
1535,1529
1535,1529A*
1535,1529B*
1535,152A*
1535,153
1535,1530
1535,1530*
1535,1531
1535,1532
1535,1533
1535,1533A
1535,1533B
1535,1533C
1535,1534
1535,1534A
1535,1534A*
1535,1534D*
1535,1534E*
1535,1534Z*
1535,1535
1535,1536
1535,1536A
1535,1536B
1535,1536C
1535,1537
1535,1537*
1535,1538
1535,1538*
1535,1539A*
1535,154
1535,1540
1535,1540A*
1535,1541
1535,1541**
1535,1541***
1535,1542
1535,1681
1535,1681A
1535,1681A*
1535,1681B
1535,1682
1535,1682**
1535,1683*
1535,1685
1535,1685A*
1535,1686
1535,1686*
1535,1686A
1535,1686A*
1535,1687
1535,1688
1535,1688A*
1535,1689
1535,1689*
1535,1689A
1535,1689B
1535,168A
1535,169*
1535,1691
1535,1691A
1535,1691B
1535,1691B*
1535,1691C*
1535,1691D*
1535,1692
1535,1693
1535,1694
1535,1694A
1535,1695
1535,1696
1535,326
1535,613
1535,650A
1535,841
1535,954
1535,1000
1535,1004
1535,1030
1535,1060
1535,1119
1535,1120
1535,1202
1535,1203
1535,1210
1535,1590
1535,1642
1535,1650
1535,1651
1535,1725
1535,1737
1535,1875
1535,1920
1535,1960D
1536A,1535
1536A,1537
1536A,1735A
1536A,1792
1536B,1535
1536B,1539
1536B,1730
1537,1000
1537,1013
1537,1380
1537,1525D
1537,1535
1537,1536A
1537,1536B
1537,1537*
1537,1539
1537,1643
1537,1653
1537,1792
1537,1875
1537*,1537
1538,1525A
1538,1535
1538,1539
1538,1551
1538*,1535
1538*,1539
1539,1535
1539,1551
1539,1000
1539,1004
1539,1240
1539,1382
1539,1525A
1539,1525D
1539,1528
1539,1542
1539,1685
1539,1696
1540,1245
1540,1285
1540,1382
1540,1384
1540,1385
1540,1541
1540,1200
1540,1210
1540,1383
1540,1386
1540,1387
1540,1408
1540,1450
1540,1528
1540,1535
1540,1539
1540,1540A*
1540,1653
1540A*,1384
1540A*,1540
1540A*,1653
1541,1384
1541,1386
1541,1387
1541,1540
1541,1653
1541,563
1541,1204**
1541,1210
1541,1245
1541,1291
1541,1381B
1541,1383
1541,1450
1541,1528
1541,1539
1541,1540A*
1542,1530
1542,1535
1542,1539
1543,1642
1543,1642A
1543*,1281A
1543*,1739
1545,1562A
1545,1833A
1545B,1000
1545B,1545
1551,1538
1551,1539
1553,1200
1553,1540
1556,1531
1557,921B*
1557,922
1560,1567G
1561,1567E
1561,1572*
1561,1725
1561*,1567A
1562,1562A
1562,1562B
1562A,1562
1562A,1562B
1562A,1696
1562A,1699
1562A,1940
1563,1001
1563,1002
1563,1003
1563,1004
1563,1005
1563,1006
1563,1006*
1563,1007
1563,1008
1563,1009
1563,101
1563,1010
1563,1011
1563,1012
1563,1012A
1563,1013
1563,1015
1563,1016
1563,1017
1563,102
1563,1029
1563,1049
1563,1062
1563,1088
1563,1115
1563,1424
1563,1640
1565,5
1565,73
1567C,1610
1572A*,1829
1572C*,1829
1573*,700
1585,1735
1586,1319*
1586,1341
1586,1642
1586,1643
1586,1681B
1590,922
1590,1535
1600,1029
1600,1381
1600,1586
1600,1642
1600,1643
1600,1644
1600,1653
1600,1696
1610,571
1610,1567C
1610,1642
1626,329
1626,562
1626,1533A
1631*,1361
1675,1240
1675,1313A
1675,1642
1681,1218
1681,1387
1681,1408
1681,1685
1681,1696
1681A,1291B
1681A,1685
1681A,1696
1681B,1000
1681B,1007
1681B,1009
1681B,1013
1681B,1029
1681B,1218
1681B,1291A
1681B,1408
1681B,1586
1681B,1642
1681B,1653
1681B,1685
1681B,1696
1685,1001
1685,1002
1685,1003
1685,1004
1685,1005
1685,1006
1685,1006*
1685,1007
1685,1008
1685,1009
1685,101
1685,1010
1685,1011
1685,1012
1685,1012A
1685,1013
1685,1015
1685,1016
1685,1017
1685,102
1685,1029
1685,1408
1685,1642
1685,1643
1685,1653
1685,1696
1685,1120
1685,1210
1685,1218
1685,1384
1685,1386
1685,1387
1685,1539
1685,1681A
1685,1681B
1685,1691
1687,1245
1687,1696
1691,1642
1691,1643
1691,1685
1691,1696
1691,1775
1696,1408
1696,1642
1696,1653
1696,1681B
1696,1685
1696,571
1696,574
1696,1006
1696,1218
1696,1240
1696,1291A
1696,1291B
1696,1313
1696,1384
1696,1387
1696,1535
1696,1539
1696,1600
1696,1643
1696,1655
1696,1687
1696,1691
1696,1691B
1696,1693
1696,1775
1697,360
1698G,1805
1699,1833
1450,1210
1450,1229*
1450,1245
1450,1286
1450,1383
1450,1384
1450,1540
1450,1541
1450,1180
1450,1202
1450,1244
1450,1263
1450,1326
1450,1430A
1450,1528
1450,1540A*
1458,1453
1458,1459**
1458,1453***
1462,1750
1479*,1475
1479*,1476
1479*,1476A
1479*,1476B
1479*,1477
1479*,1737
1441*,1379
1447,1447A*
1430,545D*
1430,1430A
1430A,1430
1430A,1450
1405,902*
1405,1405*
1405*,1405
1406,1423
1407,1373A
1407A,1458
1408,1210
1408,1387
1408,1643
1408,1653
1408,1685
1408,1696
1408,1218
1408,1313
1408,1384
1408,1642
1408C,1218
1408C,1313
1408C,78A
1408C,1408
1408C,1681B
1408C,1875
1408C,1881
1415,1335
1415,1387
1415,1539
1415,1653
1419B,1364
1419B,1381A
1419B,1419H
1419E,1364
1419E,1406
1419E,1423
1419G,1419J*
1419J*,1419G
1420A,1420G
1420G,1420A
1423,1406
1424,1541
1424,1563
1380,1365A
1380,1536C
1380,1537
1380,1537*
1380,1725
1380A*,1380
1380A*,1383
1381,1009
1381,1211
1381,1218
1381,1293A*
1381,1381B
1381,1381E
1381,1383
1381,1384
1381,1386
1381,1387
1381,1541
1381,1600
1381,1642
1381,1643
1381,1653
1381,1685
1381A,1381B
1381A,1406
1381A,1417
1381A,1419B
1381B,1381
1381B,1381A
1381B,1600
1381C,910
1381C,910A
1381C,921B
1381D,763
1381D*,1381
1381D*,1381D
1381E,982
1381E,1381
1381E,1600
1381E,1641
1381E,1644
1381E,1831
1382,1200
1382,1210
1382,1245
1382,1285
1382,1383
1382,1384
1382,1385
1382,1539
1382,1540
1383,1380A*
1383,1381
1383,1382
1383,1385
1383,1540
1384,1204**
1384,1210
1384,1229*
1384,1245
1384,1285
1384,1286
1384,1383
1384,1385
1384,1385*
1384,1386
1384,1387
1384,1450
1384,1528
1384,1540
1384,1541
1384,1009
1384,1180
1384,1200
1384,1202
1384,1211
1384,1242A
1384,1244
1384,1263
1384,1288
1384,1295A*
1384,1326
1384,1381
1384,1382
1384,1408
1384,1430A
1384,1530
1384,1540A*
1384,1653
1384,1685
1384,1696
1385,1200
1385,1242A
1385,1245
1385,1285
1385,1286
1385,1288
1385,1382
1385,1383
1385,1384
1385,1387
1385,1540
1385*,1384
1385*,1386
1385*,1387*
1385*,1643
1385*,1653
1386,1210
1386,1245
1386,1285
1386,1325
1386,1326
1386,1332
1386,1384
1386,1387
1386,1387*
1386,1450
1387,1210
1387,1218
1387,1291
1387,1384
1387,1386
1387,1408
1387,1653
1387,1009
1387,1245
1387,1291B
1387,1313
1387,1381
1387,1383
1387,1385*
1387,1540
1387,1541
1387,1642
1387,1643
1387,1685
1387,1696
1387,1791
1387,1910
1387*,1385*
1387*,1386
1387*,1387
1352A,1422
1358,1358A
1358,1358B
1358,1358C
1358,1725
1358A,1358B
1358A,1358C
1358A,1525
1358A,1535
1358A,1725
1358B,1358A
1358B,1358C
1358B,1725
1358C,1358A
1358C,1358B
1358C,1725
1359,1359A
1359,1359B
1359,1359C
1361,1000
1361,1004
1361,1007
1361,1029
1361,1120
1363,1544
1365,1164
1365,1380
1365A,1365B
1365A,1380
1365B,1164
1365B,1365A
1365C,1164
1367,922
1370,901
1372,1641
1372,1696
1379,1441*
1875,121
1875,327
1875,1061
1875,1088
1875,1408C
1875,1525H4
1875,1535
1875,1537
1875,1829
1875,1875
1875,1880
1875,1881
1875,1889
1875,1889E
1875,1890
1875,1895
1875,1910
1877*,1881
1880,707
1880,1875
1881,1408C
1881,1877*
1881,1875
1881,1882
1881,1889
1881,1894
1881,1895
1881,1900
1881,1910
1882,852
1882,1174
1882,1881
1882,1889
1882,1889E
1882,1889F
1882,1890
1882,1900
1882,1920C
1882,1960A
1882,1960G
1882A,1889ff
1882A,1920C
1882A,1930
1886,1920H
1889,1875
1889,1889ff
1889,1895
1889,1920
1889A,1882A
1889A,1890
1889B,1890F
1889B,1894
1889B,1895
1889C,1889C
1889C,1889D
1889C,1890
1889C,1895
1889C,1900
1889C,1920
1889C,1960D
1889C,1960M
1889D,1889E
1889D,1889P
1889E,852
1889E,1174
1889E,1738
1889E,1875
1889E,1882
1889E,1882A
1889E,1889D
1889E,1889L
1889E,1889P
1889E,1900
1889E,1920
1889E,1930
1889E,1960D
1889E,1960G
1889F,1882
1889F,1960D
1889L,1889E
1889P,1889D
1889P,1889E
1890,1875
1890,1882
1890,1889
1890,1889A
1890,1889C
1890,1890F
1890,1894
1890,1895
1890,1900
1890F,1889
1890F,1889B
1890F,1890
1890F,1894
1890F,1895
1892,1889C
1892,1889D
1894,1881
1894,1889B
1894,1890
1894,1890F
1894,1895
1895,1875
1895,1881
1895,1889
1895,1889B
1895,1889C
1895,1890
1895,1890F
1895,1894
1900,1174
1900,1881
1900,1882
1900,1889C
1900,1889E
1900,1890
1900,1891
1900,1920H
1900,1960G
1910,650A
1910,2
1910,151
1910,300
1910,301
1910,592
1910,1000
1910,1007
1910,1012
1910,1120
1910,1132
1910,1387
1910,1655
1910,1875
1910,1881
1920,1920A
1920,1920A*
1920,1920B
1920,1920B*
1920,1920C
1920,1920C*
1920,1920D
1920,1920D*
1920,1920E
1920,1920E*
1920,1920F
1920,1920F*
1920,1920G
1920,1920H
1920,1535
1920,1889C
1920,1889E
1920,1930
1920,1931
1920A,1920
1920A,1920C
1920A,1920E
1920A,1960A
1920A,1960D
1920A,1960E
1920A,1960F
1920A,1960G
1920A,1960L
1920B,1920
1920B,1960C
1920C,570
1920C,852
1920C,1000
1920C,1738
1920C,1882
1920C,1882A
1920C,1920
1920C,1920A
1920C,1920H
1920C,1960D
1920C,1960G
1920D,1348
1920D,1920F
1920E,1920A
1920E,1930
1920F,1920D
1920F,1960D
1920F,1960F
1920F,1960G
1920G,1920H
1920H,1886
1920H,1900
1920H,1920
1920H,1920C
1920H,1920G
1920H,1960G
1920J,1348
1930,1882A
1930,1889E
1930,1920
1930,1920A
1930,1920A*
1930,1920B
1930,1920B*
1930,1920C
1930,1920C*
1930,1920D
1930,1920D*
1930,1920E
1930,1920E*
1930,1920F
1930,1920F*
1930,1920G
1930,1920H
1930,1935
1930,1960
1931,1920
1931,2014
1935,852
1935,1930
1935,1960
1940,1562A
1960A,1738
1960A,1882
1960A,1920A
1960D,1889C
1960D,1889E
1960D,1889F
1960D,1920A
1960D,1920C
1960D,1920F
1960D,1960F
1960D,1960G
1960D,1960J
1960D,1960K
1960E,1960F
1960E,1960J
1960E,1960K
1960F,1920A
1960F,1920F
1960F,1960D
1960F,1960E
1960F,1960H
1960G,1738
1960G,1882
1960G,1900
1960G,1920A
1960G,1920H
1960J,1960D
1960J,1960E
1960J,1960L
1960K,1960D
1960K,1960E
1960L,1920A
1960L,1960J
1960M,1889
1960M,1889C
1963,1965
1965,1963
200,102
200,103
200,110
200,200A
200,200B
200A,34
200A,200
200A,200B
200B,200
200B,200A
200C*,200
207A,670
210,125
210,130
210,2021
212,123
212,563
212,2015
217,314
217,550
217,888A
219E*,715
221,220
221A,221
221A,221B
221B,221
221B,221A
222,313
222,537
222B,313
222B,537
223,1
223,6
223,56
223,56A
223,56B
223,154
225,56
225,56A
225,60
225,122
225,122J
225,226
225,537
226,58
226,91
226,122J
226,225
227,47B
227,122A
227,122B
248,56B
248,61
248,715
73,5
74C*,34
74C*,175
75,157A
78,126
78A,175
80,43
80,130A
85,2022
1,2
1,3
1,4
1,8
1,15
1,21
1,41
1,158
15,1
15,2
15,3
15,4
15,5
15,34
15,41
15,47A
15,210
2,1
2,3
2,4
2,5
2,8
2,15
2,41
2,158
2,1910
20A,20C
20A,21
20A,136A*
20A,154
20A,223
20C,20A
20C,21
20C,65
20C,130
20C,2010IA
20D*,20A
21,15
21,20A
21,20C
2B,1
2B,4
2B,5
2D,2
2D,4
2D,5
3,1
3,2
3,4
3,5
3,15
3,30
3,41
30,1
30,2
30,3
30,4
30,47D
31,20A
31,127B*
32,34
33,41
33,105
34,1
34,3
34,4
34,5
34,8
34,15
34,32
34,41
34,49
34,49A
34,74C*
34,78A
34,122
34,122A
34,123
34,154
34,175
34,1530
38,151
38,157A
38,1159
4,1
4,2
4,3
4,5
4,15
4,30
4,34
4,41
4,47A
4,47B
4,100
41,1
41,2
41,4
41,34
41,100
47A,1
47A,2
47A,3
47A,4
47A,15
47A,47B
47A,122A
47A,154
47B,122A
47B,122B
47B,122B*
47B,122C
47B,122D
47B,122D*
47B,122E
47B,122F
47B,122G
47B,122H
47B,122K*
47B,122L*
47B,122M*
47B,122N*
47D,30
47D,100
47D,101
5,1
5,2
5,3
5,4
5,5
5,15
5,37
5,41
5,66A
5,66B
56A,6
56A,56B
56A,56D
56A,225
56A*,56A
56B,56A
56B,154
56B,223
56B,248
56D,56A
57,56A
57,225
6,56A
6,61
60,41
60,225
61,6
62,20D*
65,20C
65,2032
68,175
8,1
8,2
8,5
8,6
8,8*
8*,1
8*,2
8*,8
9,1
9,3
9,4
9,15
9,47A
100,2
100,3
100,4
100,5
100,101
100,102
100,103
100,122A
100,122M*
101,100
101,102
101,103
102,100
102,101
102,103
103,9
103,41
103,100
103,101
103,102
103,103
103,103A
103,130
103,200
103A,103
103C*,78
103C*,125B*
103C*,275
103C*,1060
107,200
118,47B
121,152A*
121,157
121,1875
122A,47B
122A,122C
122A,122K*
122A,1149
122C,47A
122C,47B
122C,122A
122C,122B*
122C,122K*
122C,123
122F,47A
122F,47B
122F,122A
122F,122M*
122F,1149
122K*,4
122K*,47A
122K*,47B
122K*,122A
122K*,122C
122M*,47B
122M*,100
122M*,122A
122M*,122F
122M*,122N*
122M*,130
122N*,47B
122N*,122M*
123,4
123,34
123,122C
123,212
123,333
125,3
125,130
126,78
126,125
126,126A*
126,130
126,1149
126A*,126
126A*,130 B
127B*,31
130,41
130,103
130,125
130,126A*
130,210
130,2021
130B,126A*
136A*,20A
150,154
151,326
151,1910
152A*,121
154,1
154,5
154,6
154,20
154,20A
154,34
154,155
154,223
154,1030
155,154
155,331
157,38
157,121
157,157A
158,1
158,2
158,1655
175,8
175,34
175,49A
175,72
175,74C*
175,78A
175,1310A
175,1530
177,1640
178A,916
178B,916
178C,916
2030,2015
2032,2021
2034,295
2021,2032
2022,85
2022B,1384
2012,1825
2015,212
2015,2030
2301,852
275B,9
275B,9A
285,285A
285,672
295,2034
700,210
700,327
700,327B
700,327C
700,715
700,1115
700,1525H4
700,1573*
705A,123
705A,300A
705A,303
705A,706
705B,123
705B,327B
705B,327C
705B,327F
705B,327G
706,425
706,510B
706,707
706,709
706,710
706C,510B
707,451
707,706
707,709
707,303
707,313
707,400
707,425
707,510A
707,550
707,551
707,981
709,451
709,706
709,403
709,408
709,450
709,480
709,707
709,883A
710,894
711,306
711,720
712,881
712,883A
713,706
713,708
715,130
715,235C*
715,565
715,715A
715A,219E*
715A,565
715A,715
720,780
725,314
725,513A
725,321
725,517
725,518
725,592
725,671
735,564
735,735A
735,947A
735,954
735A,735
745A,753*
745A,947A
920,875
920,921
920C,655
921,875
921,922B
921,920
921,921F*
921,922
921A,920
921A,921F*
921A,922B
921B,893
921B,920
921B,981
921B,1381C
921B*,922
921B*,922B
921B*,1557
921D*,1567C
921E*,921F*
921F*,465
921F*,921
921F*,921A
921F*,921E*
921F*,922
921F*,922B
922,875
922,821B
922,850
922,851
922,920A
922,921
922,921A
922,924
922,927
922,950
922,1367
922,1590
922,1826
922A,875
922A,921
922A,981
922B,875
922B,921A
922B,921B*
922B,921F*
922B,922
923,510B
923,875
923,923A
923,923B
923B,910B
923B,923
925,754
925,1000
926A,330
926A,331
926A,920
927,851
927,922
927,931
1060,1000
1060,1001
1060,1002
1060,1003
1060,1004
1060,1005
1060,1006
1060,1006*
1060,1007
1060,1008
1060,1009
1060,101
1060,1010
1060,1011
1060,1012
1060,1012A
1060,1013
1060,1015
1060,1016
1060,1017
1060,102
1060,1029
1060,1045
1060,1048
1060,1049
1060,105
1060,105*
1060,1050
1060,1051
1060,1052
1060,1053
1060,1059*
1060,106
1060,106*
1060,1060
1060,1060A
1060,1061
1060,1062
1060,1063
1060,1063A
1060,1064
1060,107
1060,1070
1060,1084
1060,1088
1060,1115
1060,1149
1060,1640
1060,301
1060,531
1060,650A
1060,1031
1060,1121
1060,1130
1060,1133
1060,1147
1060,1150
1060,1535
1061,850
1061,1049
1061,1052
1061,1060
1061,1088
1061,1115
1061,1159
1061,462
1061,1000
1061,1003
1061,1004
1061,1012
1061,1029
1061,1036
1061,1048
1061,1062
1061,1084
1061,1085
1061,1116
1061,1121
1061,1137
1061,1162
1061,1640
1061,1875
1062,1000
1062,1001
1062,1002
1062,1003
1062,1004
1062,1005
1062,1006
1062,1006*
1062,1007
1062,1008
1062,1009
1062,101
1062,1010
1062,1011
1062,1012
1062,1012A
1062,1013
1062,1015
1062,1016
1062,1017
1062,102
1062,1029
1062,103
1062,1030
1062,1030*
1062,1031
1062,1035
1062,1036
1062,1037
1062,103A
1062,103A*
1062,103B*
1062,103C*
1062,1045
1062,1048
1062,1049
1062,105
1062,105*
1062,1050
1062,1051
1062,1052
1062,1053
1062,1059*
1062,106
1062,106*
1062,1060
1062,1060A
1062,1061
1062,1062
1062,1063
1062,1070
1062,1071
1062,1072
1062,1088
1062,1115
1062,1640
1062,559
1062,650A
1062,1085
1062,1116
1062,1150
1063,1000
1063,1001
1063,1002
1063,1003
1063,1004
1063,1005
1063,1006
1063,1006*
1063,1007
1063,1008
1063,1009
1063,101
1063,1010
1063,1011
1063,1012
1063,1012A
1063,1013
1063,1015
1063,1016
1063,1017
1063,102
1063,1029
1063,103
1063,1030
1063,1030*
1063,1031
1063,1035
1063,1036
1063,1037
1063,103A
1063,103A*
1063,103B*
1063,103C*
1063,1045
1063,1048
1063,1049
1063,105
1063,105*
1063,1050
1063,1051
1063,1052
1063,1053
1063,1059*
1063,106
1063,106*
1063,1060
1063,1060A
1063,1061
1063,1062
1063,1063
1063,1063A
1063,1064
1063,107
1063,1070
1063,1071
1063,1072
1063,1073
1063,1074
1063,1080*
1063,1082
1063,1082A
1063,1083
1063,1083A
1063,1084
1063,1085
1063,1086
1063,1087
1063,1088
1063,1115
1063,1116
1063,1121
1063,1130
1063,1132
1063,1640
1063,650A
1063,800
1063,804B
1063,1091
1063,1096
1063,1149
1063,1150
1063,1159
1063,1650
1063,1651
1063A,1000
1063A,1001
1063A,1002
1063A,1003
1063A,1004
1063A,1005
1063A,1006
1063A,1006*
1063A,1007
1063A,1008
1063A,1009
1063A,101
1063A,1010
1063A,1011
1063A,1012
1063A,1012A
1063A,1013
1063A,1015
1063A,1016
1063A,1017
1063A,102
1063A,1029
1063A,1045
1063A,1049
1063A,1060
1063A,1061
1063A,1072
1063A,1088
1063A,1115
1063A,1640
1064,1049
1064,1060
1064,1088
1064,1115
1064,1640
1070,1045
1070,1049
1070,1051
1070,1060
1070,1062
1070,1072
1070,1084
1070,1088
1070,1115
1070,1149
1070,1640
1071,804B
1071,1000
1071,1045
1071,1060
1071,1063
1071,1072
1071,1082
1071,1084
1071,1130
1071,1650
1072,650A
1072,804B
1072,1045
1072,1052
1072,1060
1072,1062
1072,1063
1072,1071
1072,1082
1072,1084
1072,1115
1072,1130
1072,1650
1073,1045
1073,1071
1073,1072
1073,1082
1073,1650
1073,1652
1074,275A
1074,275C
1074,1063
1074,1084
1074,1085
1074,1170
1082,804B
1082,1045
1082,1060
1082,1062
1082,1063
1082,1071
1082,1072
1082,1084
1082,1130
1082,1650
1082,1651
1082A,1030
1083,1030
1083,1060
1083,1062
1083,1071
1083,1072
1083A,1036
1083A,1060
1083A,1060A
1083A,1061
1083A,1062
1083A,1063
1083A,1072
1083A,1083
1083A,1084
1084,804B
1084,1045
1084,1051
1084,1052
1084,1060
1084,1063
1084,1071
1084,1072
1084,1085
1084,1115
1084,1116
1084,1149
1084,1525A
1085,1000
1085,1003
1085,1012
1085,1029
1085,1045
1085,1050
1085,1052
1085,1060
1085,1062
1085,1063
1085,1088
1085,1115
1085,1116
1085,1640
1086,1052
1086,1063
1087,1052
1087,1063
1087,1085
1087,1115
1088,1000
1088,1001
1088,1002
1088,1003
1088,1004
1088,1005
1088,1006
1088,1006*
1088,1007
1088,1008
1088,1009
1088,101
1088,1010
1088,1011
1088,1012
1088,1012A
1088,1013
1088,1015
1088,1016
1088,1017
1088,102
1088,1029
1088,1045
1088,1048
1088,1049
1088,105
1088,105*
1088,1050
1088,1051
1088,1052
1088,1053
1088,1059*
1088,106
1088,106*
1088,1060
1088,1060A
1088,1061
1088,1062
1088,1063
1088,1115
1088,1640
1088,300
1088,301
1088,303
1088,650A
1088,1031
1088,1036
1088,1084
1088,1085
1088,1088
1088,1116
1088,1121
1088,1149
1088,1563
1088,1875
1089,650A
1089,1052
1090,650A
1090,1030
1090,1640
1091,1030
1091A,1091
1094,1060
1094,1062
1094,1063
1094,1071
1094,1072
1094,1082
1094,1082A
1094,1083
1094,1083A
1094,1084
1094,1130
1094,1149
1095,804B
1095,1030
1095,1060
1095,1063
1095,1084
1095,1088
1096,800
1096,804B
1096,1036
1096,1063
1096,1072
1096,1083
1096,1084
910A,910B
910A,893
910A,1000
910A,1004
910A,1029
910A,1048
910A,1062
910B,677
910B,910A
910B,300
910B,460A
910B,923B
910B,930
910B,986
916,178A
916,178B
916,178C
800,330A
800,1036
800,1063
800,1072
800,1084
800,1096
803,804B
803,875
804B,1072
804B,1084
804B,330
804B,1062
804B,1071
804B,1525A
1000,650A
1000,1001
1000,1002
1000,1003
1000,1004
1000,1005
1000,1006
1000,1006*
1000,1007
1000,1008
1000,1009
1000,101
1000,1010
1000,1011
1000,1012
1000,1012A
1000,1013
1000,1015
1000,1016
1000,1017
1000,102
1000,1029
1000,1050
1000,1051
1000,1052
1000,1049
1000,1063
1000,1088
1000,1115
1000,1120
1000,1132
1000,1563
1000,1685
1000,303
1000,461
1000,592
1000,1036
1000,1045
1000,1060
1000,1061
1000,1116
1000,1150
1000,1535
1000,1539
1000,1561
1000,1642
1000,1643
1000,1910
1000,1920C
1001,1000
1002,1000
1002,1003
1002,1004
1002,1005
1002,1006
1002,1006*
1002,1007
1002,1008
1002,1009
1002,101
1002,1010
1002,1011
1002,1012
1002,1029
1002,1120
1002,1685
1003,1000
1003,1001
1003,1002
1003,1003
1003,1004
1003,1005
1003,1006
1003,1006*
1003,1007
1003,1008
1003,1009
1003,101
1003,1010
1003,1011
1003,1012
1003,1012A
1003,1013
1003,1015
1003,1016
1003,1017
1003,102
1003,1029
1003,461
1003,650A
1003,1052
1003,1060
1003,1063
1003,1072
1003,1084
1003,1088
1003,1115
1003,1116
1003,1120
1003,1130
1003,1132
1003,1563
1003,1685
1004,1000
1004,1001
1004,1002
1004,1003
1004,1004
1004,1005
1004,1006
1004,1006*
1004,1007
1004,1008
1004,1009
1004,101
1004,1010
1004,1011
1004,1012
1004,1012A
1004,1013
1004,1015
1004,1016
1004,1017
1004,102
1004,1029
1004,1115
1004,1563
1004,650A
1004,1036
1004,1045
1004,1048
1004,1049
1004,1050
1004,1052
1004,1060
1004,1062
1004,1088
1004,1120
1004,1132
1004,1361
1004,1535
1004,1539
1004,1685
1004,1737
1005,1000
1005,1001
1005,1002
1005,1003
1005,1004
1005,1005
1005,1006
1005,1006*
1005,1007
1005,1008
1005,1009
1005,101
1005,1010
1005,1011
1005,1012
1005,1012A
1005,1013
1005,1015
1005,1016
1005,1017
1005,102
1005,1029
1005,1031
1005,1049
1005,1050
1005,1052
1005,1115
1005,1130
1005,1685
1006,1000
1006,1001
1006,1002
1006,1003
1006,1004
1006,1005
1006,1006
1006,1006*
1006,1007
1006,1008
1006,1009
1006,101
1006,1010
1006,1011
1006,1012
1006,1012A
1006,1013
1006,1015
1006,1016
1006,1017
1006,102
1006,1029
1006,1052
1006,1115
1006,1685
1006,300A
1006,301
1006,303
1006,570
1006,1031
1006,1050
1006,1051
1006,1063
1006,1072
1006,1088
1006,1090
1006,1121
1006,1132
1006,1162
1006,1696
1006*,1000
1006*,1001
1006*,1002
1006*,1003
1006*,1004
1006*,1005
1006*,1006
1006*,1006*
1006*,1007
1006*,1008
1006*,1009
1006*,101
1006*,1010
1006*,1011
1006*,1012
1006*,1012A
1006*,1013
1006*,1015
1006*,1016
1006*,1017
1006*,102
1006*,1029
1006*,1116
1006*,1132
1007,650A
1007,1000
1007,1001
1007,1002
1007,1003
1007,1004
1007,1005
1007,1006
1007,1006*
1007,1007
1007,1008
1007,1009
1007,101
1007,1010
1007,1011
1007,1012
1007,1012A
1007,1013
1007,1015
1007,1016
1007,1017
1007,102
1007,1029
1007,1120
1007,1132
1007,1653
1007,1049
1007,1060
1007,1062
1007,1063
1007,1088
1007,1115
1007,1116
1007,1361
1007,1563
1007,1642
1007,1681B
1007,1685
1007,1910
1008,1001
1008,1002
1008,1003
1008,1004
1008,1005
1008,1006
1008,1006*
1008,1007
1008,1008
1008,1009
1008,101
1008,1010
1008,1011
1008,1012
1008,1012A
1008,1013
1008,1015
1008,1016
1008,1017
1008,102
1008,1029
1008,461
1008,1052
1008,1115
1008,1120
1008,1132
1008,1685
1009,653
1009,1000
1009,1001
1009,1002
1009,1003
1009,1004
1009,1005
1009,1006
1009,1006*
1009,1007
1009,1008
1009,1009
1009,101
1009,1010
1009,1011
1009,1012
1009,1012A
1009,1013
1009,1015
1009,1016
1009,1017
1009,102
1009,1029
1009,592
1009,650A
1009,1045
1009,1063
1009,1072
1009,1120
1009,1130
1009,1132
1009,1211
1009,1285
1009,1291
1009,1291B
1009,1381B
1009,1387
1009,1642
1009,1643
1009,1681B
1010,1000
1010,1001
1010,1002
1010,1003
1010,1004
1010,1005
1010,1006
1010,1006*
1010,1007
1010,1008
1010,1009
1010,101
1010,1010
1010,1011
1010,1012
1010,1012A
1010,1013
1010,1015
1010,1016
1010,1017
1010,102
1010,1029
1010,1115
1010,1561
1010,1685
1011,1000
1011,1001
1011,1002
1011,1003
1011,1004
1011,1005
1011,1006
1011,1006*
1011,1007
1011,1008
1011,1009
1011,101
1011,1010
1011,1011
1011,1012
1011,1012A
1011,1013
1011,1015
1011,1016
1011,1017
1011,102
1011,1029
1011,1036
1011,1062
1011,1088
1011,1563
1012,1000
1012,1001
1012,1002
1012,1003
1012,1004
1012,1005
1012,1006
1012,1006*
1012,1007
1012,1008
1012,1009
1012,101
1012,1010
1012,1011
1012,1012
1012,1012A
1012,1013
1012,1015
1012,1016
1012,1017
1012,102
1012,1029
1012,1120
1012,1050
1012,1052
1012,1060
1012,1062
1012,1063
1012,1072
1012,1115
1012,1132
1012,1150
1012,1642
1012,1685
1012A,1000
1012A,1001
1012A,1002
1012A,1003
1012A,1004
1012A,1005
1012A,1006
1012A,1006*
1012A,1007
1012A,1008
1012A,1009
1012A,101
1012A,1010
1012A,1011
1012A,1012
1012A,1012A
1012A,1013
1012A,1015
1012A,1016
1012A,1017
1012A,102
1012A,1029
1012A,1120
1012A,1910
1013,1000
1013,1001
1013,1002
1013,1003
1013,1004
1013,1005
1013,1006
1013,1006*
1013,1007
1013,1008
1013,1009
1013,101
1013,1010
1013,1011
1013,1012
1013,1012A
1013,1013
1013,1015
1013,1016
1013,1017
1013,102
1013,1029
1013,1653
1013,400
1013,1291B
1013,1537
1013,1643
1013,1681
1015,1007
1015,1008
1015,1010
1015,1011
1015,1012
1015,1012A
1015,1013
1015,1015
1015,1016
1015,1017
1016,1000
1016,1001
1016,1002
1016,1003
1016,1004
1016,1005
1016,1006
1016,1006*
1016,1007
1016,1008
1016,1009
1016,101
1016,1010
1016,1011
1016,1012
1016,1012A
1016,1013
1016,1015
1016,1016
1016,1017
1017,1000
1017,1001
1017,1002
1017,1003
1017,1004
1017,1005
1017,1006
1017,1006*
1017,1007
1017,1008
1017,1009
1017,101
1017,1010
1017,1011
1017,1012
1017,1012A
1017,1013
1017,1015
1017,1016
1017,1017
1017,102
1017,1029
1017,1685
1017,1875
1029,1000
1029,1001
1029,1002
1029,1003
1029,1004
1029,1005
1029,1006
1029,1006*
1029,1007
1029,1008
1029,1009
1029,101
1029,1010
1029,1011
1029,1012
1029,1012A
1029,1013
1029,1015
1029,1016
1029,1017
1029,102
1029,1060
1029,1060A
1029,1061
1029,1062
1029,1063
1029,1115
1029,1120
1029,100
1029,650A
1029,1036
1029,1045
1029,1048
1029,1049
1029,1052
1029,1085
1029,1088
1029,1116
1029,1132
1029,1150
1029,1361
1029,1563
1029,1600
1029,1642
1029,1653
1029,1681B
1029,1685
1115,1000
1115,1001
1115,1002
1115,1003
1115,1004
1115,1005
1115,1006
1115,1006*
1115,1007
1115,1008
1115,1009
1115,101
1115,1010
1115,1011
1115,1012
1115,1012A
1115,1013
1115,1015
1115,1016
1115,1017
1115,102
1115,1029
1115,103
1115,1030
1115,1030*
1115,1031
1115,1035
1115,1036
1115,1037
1115,103A
1115,103A*
1115,103B*
1115,103C*
1115,1045
1115,1048
1115,1049
1115,105
1115,105*
1115,1050
1115,1051
1115,1052
1115,1053
1115,1059*
1115,106
1115,106*
1115,1060
1115,1060A
1115,1061
1115,1062
1115,1063
1115,1084
1115,1085
1115,1086
1115,1087
1115,1088
1115,1089
1115,1149
1115,1640
1115,300
1115,301
1115,303
1115,313
1115,328
1115,507
1115,650A
1115,1071
1115,1072
1115,1116
1115,1120
1115,1121
1115,1132
1115,1133
1115,1147
1115,1153
1115,1563
1116,1000
1116,1001
1116,1002
1116,1003
1116,1004
1116,1005
1116,1006
1116,1006*
1116,1007
1116,1008
1116,1009
1116,101
1116,1010
1116,1011
1116,1012
1116,1012A
1116,1013
1116,1015
1116,1016
1116,1017
1116,102
1116,1029
1116,1049
1116,1052
1116,1060
1116,1063
1116,1085
1116,1115
1117,1000
1117,1115
1117,1116
1119,313
1119,327B
1119,328
1119,531
1119,1535
1120,1000
1120,1001
1120,1002
1120,1003
1120,1004
1120,1005
1120,1006
1120,1006*
1120,1007
1120,1008
1120,1009
1120,101
1120,1010
1120,1011
1120,1012
1120,1012A
1120,1013
1120,1015
1120,1016
1120,1017
1120,102
1120,1029
1120,1085
1120,1120
1120,1132
1121,1045
1121,1049
1121,1062
1121,1119
1122,1000
1122,1007
1122,1008
1122,1115
1122,1116
1122,1119
1122,1121
1130,1000
1130,1045
1130,1063
1130,1071
1130,1072
1130,1084
1130,1152
1132,1000
1132,1001
1132,1002
1132,1003
1132,1004
1132,1005
1132,1006
1132,1006*
1132,1007
1132,1008
1132,1009
1132,101
1132,1010
1132,1011
1132,1012
1132,1012A
1132,1013
1132,1015
1132,1016
1132,1017
1132,102
1132,1029
1132,1049
1132,1060
1132,1063
1132,1082
1132,1115
1132,1116
1132,1120
1133,1049
1133,1060
1133,1115
1133,1119
1135,1000
1135,1051
1135,1052
1135,1060
1135,1088
1137,300
1137,953
1137,1115
1137,1135
1137,1199A
1138,1135
1157,330
1157,785
1157,1071
1157,1072
1159,1045
1159,1049
1159,1061
1159,1178
1159,38
1159,151
1159,326
1159,330
1159,400
1159,850
1159,1052
1159,1063
1159,1640
1162,1061
1164,332
1164,1365B
1146,1045
1146,1063
1146,1071
1146,1072
1146,1082
1146,1130
1146,1151
1149,1045
1149,1049
1149,1060
1149,1084
1149,1115
1149,1640
1149,78
1149,125
1149,126
1149,177
1149,1051
1149,1063
1149,1071
1149,1072
1149,1082
1149,1088
1149,1130
1150,1051
1150,1060
1150,1062
1150,1640
1151,1146
1152,1045
1152,1072
1152,1130
1153,1000
1153,1001
1153,1002
1153,1003
1153,1004
1153,1005
1153,1006
1153,1006*
1153,1007
1153,1008
1153,1009
1153,101
1153,1010
1153,1011
1153,1012
1153,1012A
1153,1013
1153,1015
1153,1016
1153,1017
1153,102
1153,1029
1153,1045
1153,1049
1153,1060
1153,1088
1153,1115
1153,1640
1154,1152
974,301
974,302
974,400
974,480
974,518
976,655
976,945
980,981
981,707
981,921B
981,922A
982,1381E
986,677
986,910B
986,910K
986,923
986,923B
986,1615
992A,449
992A,507
992A,851
827,826
831,460B
831,834
831,910
831,1590
831,1730
831,1740
841,461
841,736
841,736A
841,745A
841,834
841,842
841,923
841,954
841,1535
1030,1062
1030,1063
1030,9
1030,41
1030,154
1030,1012
1030,1082A
1030,1090
1030,1091
1030,1095
1030,1096
1030,1130
1030,1535
1030*,1642
1030*,1643
1031,1050
1031,1052
1031,1088
1031,1115
1035,1000
1035,1003
1035,1007
1035,1120
1035,1132
1036,1000
1036,1004
1036,1029
1036,1060
1036,1062
1036,1072
1045,1000
1045,1001
1045,1002
1045,1003
1045,1004
1045,1005
1045,1006
1045,1006*
1045,1007
1045,1008
1045,1009
1045,101
1045,1010
1045,1011
1045,1012
1045,1012A
1045,1013
1045,1015
1045,1016
1045,1017
1045,102
1045,1029
1045,1045
1045,1049
1045,1052
1045,1060
1045,1063
1045,1071
1045,1072
1045,1084
1045,1088
1045,1115
1045,1130
1045,1149
1045,1650
1048,1000
1048,1001
1048,1002
1048,1003
1048,1004
1048,1005
1048,1006
1048,1006*
1048,1007
1048,1008
1048,1009
1048,101
1048,1010
1048,1011
1048,1012
1048,1012A
1048,1013
1048,1015
1048,1016
1048,1017
1048,102
1048,1029
1048,1036
1048,1062
1048,1085
1049,1000
1049,1001
1049,1002
1049,1003
1049,1004
1049,1005
1049,1006
1049,1006*
1049,1007
1049,1008
1049,1009
1049,101
1049,1010
1049,1011
1049,1012
1049,1012A
1049,1013
1049,1015
1049,1016
1049,1017
1049,102
1049,1029
1049,1045
1049,1048
1049,1049
1049,105
1049,105*
1049,1050
1049,1051
1049,1052
1049,1053
1049,1059*
1049,106
1049,106*
1049,1060
1049,1060A
1049,1061
1049,1062
1049,1063
1049,1084
1049,1088
1049,1115
1049,1149
1049,1640
1049,1072
1049,1085
1049,1153
1050,1000
1050,1001
1050,1002
1050,1003
1050,1004
1050,1005
1050,1006
1050,1006*
1050,1007
1050,1008
1050,1009
1050,101
1050,1010
1050,1011
1050,1012
1050,1012A
1050,1013
1050,1015
1050,1016
1050,1017
1050,102
1050,1029
1050,1640
1050,1049
1050,1052
1050,1060
1050,1063
1050,1088
1050,1115
1051,1045
1051,1048
1051,1049
1051,105
1051,105*
1051,1050
1051,1051
1051,1052
1051,1053
1051,1059*
1051,106
1051,106*
1051,1060
1051,1060A
1051,1061
1051,1062
1051,1063
1051,1115
1051,1640
1051,303
1051,1000
1051,1003
1051,1006
1051,1072
1051,1084
1051,1120
1051,1149
1052,1000
1052,1001
1052,1002
1052,1003
1052,1004
1052,1005
1052,1006
1052,1006*
1052,1007
1052,1008
1052,1009
1052,101
1052,1010
1052,1011
1052,1012
1052,1012A
1052,1013
1052,1015
1052,1016
1052,1017
1052,102
1052,1029
1052,1049
1052,105
1052,105*
1052,1050
1052,1051
1052,1060
1052,1060A
1052,1061
1052,1062
1052,1063
1052,1031
1052,1045
1052,1085
1052,1088
1052,1115
1053,1045
1053,1049
1053,1051
1053,1060
1053,1149
1059*,1052
880,514
880,514**
880,881
880,884
881,513A
881,514
881,514**
881,571
881,880
881,884
882,217
882,465
882,881
882,890
882,978
883A,709
883B,879
888A,217
888A,978
890,882
890,1534
891,930
891,1525G
891B*,983
892,882
894,425A
894,710
950,954
950,1525
950,1525A
950,1525D
950,1525E
950,1737
952,361
952,956B
952,1610
952,1689A
954,613
954,735
954,950
954,956B
954,1535
955,956B
955,311
955,312
955,954
956,304
956,311
956,952
956,956B
956B,955
956B,311
956B,312
956B,363
956B,954
956B,1685
960,780
961,1577*
1172,325*
1172,1074
1172,1183
1174,1175
1174,1176
1174,1180
1174,1882
1174,1900
1175,813A
1175,1180
1175,1183
1176,1174
1176,1175
1178**,1071
1178**,1072
1180,1175
1180,1183
1180,1248
1182,360
1182,361
1182,812
1182,821A
1182,822*
1183,1175
1183,1180
1184,1030
1184,1036
1187*,810A*
1199,332
1199,1030
930,461
930,910K
935,300
936*,400
938A,706
938A,710
940,1737
940,1855A
945,653
945,325
945,507
945,653A
945,976
947A,841
947A,945A*
947A,947
810,400
810,518
810A*,1187*
811,756B
812,360
812,361
812,545D*
812,613
813A,1175
815,1130
821B,875
821B,920A
821B,922
822,752A
822,791
824,571
826,827
850,570
850,300
850,502
850,571
850,592
850,853
850,900
850,1061
850,1159
851,570
851,300
851,314
851,400
851,507
851,900
851,930
851,992A
851,1681B
852,1960A
852,1960B
852,1960C
852,1960D
852,1960G
852,853
852,1882
852,1889E
852,1911A
852,1920C
852,1920F
852,1960
852,1960E
852,1960F
852,2014
852,2301
853,570
853,571
853,850
853,852
853A,851
853A,853
857,653
857,900
857,311
857,425
857,513A
857,570
900,513A
900,850
900,851
900,857
901,901B*
901,1370
901B*,901
780,303
780,408
780,550
780,551
780,720
785,330
785,753
785,753A
785,752A
785,791
785,1157
785A,759
785A,785
791,822
791,752
791,752A
875,875A
875,921
875,922
875,821B
875,875B
875,875D
875,875E
875,876
875,879
875,920
875,920A
875,958
875,1533
875A,875
875A,1533
879,875
879,883B
879,891
879,968
750A,330A
750D,516
750D,750A
751C*,750B
752A,750B
752A,791
752A,822
752C,650A
752C,820
752C,820A
753,330
753,752A
753,753A
753,753*
753,785
753,791
753*,753
753*,753A
753*,758
753A,330
753A,753
753A,753*
753A,785
774C,774D
774C,774H
774D,774C
774H,774C
779F*,755
779F*,760
560,561
561,560
562,566
562,1626
563,564
563,569
563,212
563,313
563,326
563,461
563,554
563,555
563,566
563,1541
563,1960G
564,480
564,503
564,563
564,591
564,613
564,675
564,735
564,954
565,715
566,518
566,567
566,569
566,302
566,306
566,400
566,560
566,562
566,563
566,567A
566,735
567,300
567,303
567,518
567,531
567,566
567,567A
567A,300
567A,303
567A,518
567A,566
567A,567
569,300
569,326
569,400
569,465
569,563
569,566
569,592
569,936*
570,513B
570,554
570,571
570,850
570,303
570,502
570,513A
570,610
570,851
570,853
570,857
570,1000
570,1115
570,1020C
571,570
571,507
571,513A
571,513B
571,559
571,853
571,910
571,1610
571,1655
571,1696
571B,571
571B,940
571B,1358A
571B,1359C
571B,1537
571B,1829
575,425D
575,461
575,566
575,881A
577,313
577,328
577,513A
577,570
577,650A
580,505
580,551
580,566
590,300
590,315
590,302
590,303
590,314
590,315A
590,318
590,400
590,531
590,551
590,613
591,564
591,565
591,569
592,300
592,330
592,475
592,569
592,650A
592,725
592,1000
592,1009
592,1045
592,1062
592,1072
592,1159
592,1653
592,1910
610,461
610,513B
610,517
610,550
610,554
610,570
610,671
610,725
610,1610
611,531
611,882
611,930
611,1060
611,1650
611,1651
613,300
613,326
613,531
613,554
613,812
613,954
613,1535
613,1641
450,313
450,327A
450,403
450,451
450,480
450,709
451,403
451,408
451,450
451,706
451,707
451,709
452B*,408
425,300
425,302
425,311
425,313
425,400
425,402
425,403
425,425A
425,425C
425,431
425,432
425,433B
425,440
425,441
425,451
425,510
425,706
425,707
425,857
425A,300
425A,301
425A,313
425A,402
425A,425
425A,425B
425A,425C
425A,425E
425A,432
425A,433B
425A,441
425B,425A
425B,425C
425B,425E
425B,433B
425B,857
425C,300
425C,425
425C,425A
425D,425
425D,425A
425E,432
425M,857
431,480
431,510A
432,425
432,425A
432,425B
432,480
432,510A
432,510B
432,511
433B,408
433B,425C
433B,510A
433B,720
434,400
434,425D
434,432
440,425
440,433B
442,425B
442,707
449,313
449,400
449,992A
400,302
400,313
400,402
400,518
400,554
400,810
400,936*
400,300
400,301
400,303
400,304
400,314
400,325
400,326
400,329
400,425
400,465
400,505
400,516
400,530
400,531
400,550
400,552
400,566
400,569
400,590
400,707
400,1159
402,400
402,465
402,302
402,310
402,313
402,409A
402,425
402,425A
402,550
402,1880
403,480
403,510A
403,311
403,313
403,408
403,409
403,425
403,450
403,451
403,510B
403,511
403,533
403,707
403,709
403C,409
404,412
407,311
407,313
407,465
407,510B
407,652
407,707
408,310
408,313
408,314
408,400
408,403
408,425
408,451
408,510A
408,516
408,709
409,403
409,510B
409A,402
409A,403
409A,408
412,302
412,400
412,404
300,301
300,302
300,303
300,304
300,314
300,314A
300,315
300,326
300,554
300,567
300,590
300,327
300,327A
300,400
300,425C
300,465
300,502
300,505
300,511A
300,516
300,516B
300,530
300,531
300,550
300,650A
300,935
300,1115
300,1640
300,1910
300A,300
300A,303
300A,513A
300A,531
300A,301
300A,302
300A,321
300A,408
300A,519
300A,550
300A,554
300A,571
300A,650A
301,300
301,302
301,313
301,400
301,550
301,650A
301,300A
301,303
301,304
301,312D
301,314
301,327B
301,402
301,506
301,513A
301,516
301,530
301,1060
301,1088
301,1115
301,1910
302,300
302,301
302,303
302,303A
302,304
302,313
302,316
302,400
302,425
302,516
302,518
302,552
302,552A
302,554
302,665
302,302B
302,314
302,461
302,465
302,513
302,550
302B,302
302B,303
302B,516
302C*,317
302C*,552
302C*,554
302C*,556F*
303,300
303,302
303,314
303,304
303,313
303,315
303,318
303,327B
303,513A
303,550
303,554
303,705A
303,1000
303,1003
303,1006
303,1051
303,1052
303,1072
303,1088
303,1120
303,567
303A,300
303A,302
303A,314
303A,327B
303A,328
303A,513A
303A,531
303A,550
303A,1119
304,300
304,302
304,303
304,552
306,307
306,505
306,507
306,518
307,306
307,507
307,518
310,313
310,327A
310,402
311,312
311,313
311,403
311,857
311,955
311,956B
312,311
312,313
312D,301
312D,650A
313,222B
313,300
313,301
313,302
313,303
313,303A
313,310
313,311
313,312
313,314
313,315
313,325
313,327A
313,327B
313,329
313,400
313,402
313,408
313,425
313,450
313,480
313,502
313,511
313,518
313,531
313,537
313,552
313,563
313,707
313,884
313,1115
313,1119
314,300
314,300A
314,301
314,301D*
314,302
314,302B
314,302C*
314,303
314,303A
314,217
314,313
314,314A
314,315
314,321
314,325
314,327
314,327B
314,400
314,441
314,475
314,502
314,511
314,530
314,530A
314,531
314,550
314,552A
314,551
314,554
314,590
314,613
314,725
314,1049
314,1052
314,1060
314A,300
314A,511
314A,650A
314A,935
314A*,300
314A*,313
314A*,315
314A*,327
315,300
315,590
315,302
315,303
315,304
315,313
315,314
315,314A*
315,318
315,327A
315A,313
315A,314
315A,315
315A,590
316,302
316,329
316,665
317,300
317,302
317,314
317,400
317,551
318,301
318,302B
318,303
318,315
318,590
321,300A
321,301
321,314A
321,317
321,592
321,725
321,1159
325,313
325,314
325,400
325,945
325*,313
325*,1172
326,300
326,328
326,330
326,400
326,505
326,563
326,569
326,650A
326,1061
326,1159
326,1535
326,1640
327,300
327,313
327,314
327,314A*
327,328
327,700
327,1875
327A,327B
327A,327C
327A,328
327A,300
327A,303
327A,310
327A,313
327A,315
327A,407
327A,450
327A,510A
327A,511
327A,1119
327A,1121
327B,327A
327B,328
327B,531
327B,1119
327B,301
327B,303A
327B,313
327B,314
327B,327C
327B,1121
327C,327A
327C,327B
327C,327F
327C,327G
327C,328
327C,700
327C,1119
327C,1121
327F,327A
327F,327B
327F,327C
327F,327G
327G,327A
327G,327B
327G,327C
327G,328
327G,1119
327G,1653
328,327A
328,327B
328,327C
328,531
328,1119
328,303A
328,314
328,326
328,327
328,1121
328,1122
328,1137
328*,300
328*,530
328A*,300A
328A*,302
328A*,513A
329,301
329,302
329,531
330,326
330,332
330,592
330,753
330,785
330,804B
330,1159
331,155
331,330
331,332
332,1199
332,326
332,330
332,331
332,334
332,1164
332,1187
333,123
334,332
334,333
335,332
360,361
360,812
360,1182
360,1697
361,360
361,475
363,365
363,407
363,955
365,363
365,407
365,1199A
500,501
501,500
502,300
502,314
502,313
502,314A
502,510
502,530
502,531
502,532
502,570
502,850
505,300
505,301
505,306
505,307
505,326
505,400
505,531
505,550
505,551
505,580
505,857
507,306
507,307
507,571
507,910
507,945
507,1115
510A,327A
510A,403
510A,480
510A,510B
510A,408
510A,409
510A,431
510A,450
510A,511
510A,511A
510A,707
510A,923
510B,403
510B,510A
510B,511
510B,706
510B,923
511,300
511,313
511,314
511,314A
511,403
511,409
511,480
511,510A
513A,300A
513A,725
513A,857
513A,900
513B,570
513B,571
513B,610
514,884
516,302
516,300
516,301
516,302B
516,303
516,400
516,408
517,671
517,781
518,302
518,306
518,400
518,566
518,567
518,313
518,552
518,552A
518,560
518,725
518,810
519,300A
519,303
519,315
530,314
530,300
530,301
530,302
530,313
530,314A
530,400
530,502
530,530A
530,531
530,550
530,551
530,675
530A,314
530A,530
531,314
531,327B
531,328
531,550
531,554
531,300
531,300A
531,302
531,303A
531,313
531,400
531,465
531,502
531,505
531,513A
531,513C
531,516
531,530
531,551
531,567
531,590
531,1119
533,403
537,222B
537,222B*
537,300
537,313
537,315
545D*,545A
545D*,812
545D*,1430
550,300
550,301
550,314
550,531
550,551
550,780
550,302
550,303
550,303A
550,304
550,329
550,400
550,461
550,505
550,513
550,516
550,530
550,707
551,314
551,531
551,780
551,300
551,301
551,313
551,505
551,530
551,550
551,554
551,567
551,590
551,968
552,302
552,302C*
552,303A
552,317
552,400
552,425A
552,425C
552,518
552,554
552,560
554,300
554,302
554,400
554,531
554,303
554,313
554,314
554,317
554,329
554,402
554,465
554,513A
554,513B
554,551
554,552
554,552A
554,556F*
554,560
554,570
554,610
554,613
554,667
554,673
555,303
555,563
555,1960G
559,571
650A,300
650A,301
650A,1000
650A,1063
650A,300A
650A,302
650A,326
650A,592
650A,650B
650A,820
650A,1003
650A,1004
650A,1005
650A,1007
650A,1029
650A,1045
650A,1049
650A,1050
650A,1052
650A,1060
650A,1062
650A,1072
650A,1082
650A,1084
650A,1088
650A,1115
650A,1120
650A,1130
650A,1132
650A,1535
650A,1640
650A,1881
650A,1910
652,313
652,407
653,857
653,945
653,1525A
655,725
655,875
655,920C
655,976
665,301
665,301D*
665,302
665,316
665,318
665,400
665,750A
667,302
667,316
667,325
667,505
667,552
667,554
667,665
670,207A
670,671
673,305
673,554
675,530
675,561
675,592
675,707
675,1115
677,910B
677,986
460A,461
460A,1735
460B,460A
461,930
461,302
461,460B
461,531
461,550
461,563
461,1000
461,1002
461,1003
461,1008
465,400
465,569
465,882
470A,470
470A,681
470B,400
471,470
471,750B
471,750*
475,592
475,650A
480,403
480,510A
480,313
480,408
480,428
480,431
480,510
480,511
480,511A
480,709
480A,545A
480A,1180
480A,1199A
